[{"label":"Jajia Jannat  Rahi - (PHR2DQW0)","value":"PHR2DQW0"},{"label":"Jane  Doe - (P1RNKS9W)","value":"P1RNKS9W"},{"label":"Himik  Andlazuna - (PMXZFDP9)","value":"PMXZFDP9"},{"label":"Znakng  Xinaktar - (P3GWY7V3)","value":"P3GWY7V3"},{"label":"Tanzil Ahmad - (PA0I54ZM)","value":"PA0I54ZM"},{"label":"Amer Ahmedullah  - (PL8XEPGJ)","value":"PL8XEPGJ"},{"label":"Tanzil Ahmad - (P79I35Q5)","value":"P79I35Q5"},{"label":"Tanzil Ahmad - (PT5L36X1)","value":"PT5L36X1"},{"label":"Tanzil Ahmad - (PR5JXID6)","value":"PR5JXID6"},{"label":"Tanzil Ahmad - (PPPZJP52)","value":"PPPZJP52"},{"label":"Tanzil Ahmad - (PNR6B7EY)","value":"PNR6B7EY"},{"label":"Tanzil Ahmad - (PYRT7ZOS)","value":"PYRT7ZOS"},{"label":"Tuhin Sorkar - (PZZWZDVA)","value":"PZZWZDVA"},{"label":"Sahed Abdullah - (P43O0999)","value":"P43O0999"},{"label":"Alex Anderson - (P1XWEV6W)","value":"P1XWEV6W"},{"label":"Tuhin Sorkar - (P72P7031)","value":"P72P7031"},{"label":"Jahed Abdullah - (P45KRFCA)","value":"P45KRFCA"},{"label":"kamal uddin - (PJ3URDGO)","value":"PJ3URDGO"},{"label":"Jane Doe - (PWBQ2LIR)","value":"PWBQ2LIR"},{"label":"Jahed Abdullah - (PC2YMXFN)","value":"PC2YMXFN"},{"label":"Jane  Doe - (P8U5B5VR)","value":"P8U5B5VR"},{"label":"Jony Alam - (P4SKM8O6)","value":"P4SKM8O6"},{"label":"Kawsar Jahan - (PC7XX3B8)","value":"PC7XX3B8"},{"label":"Jahed Alam - (P7Q6SFYR)","value":"P7Q6SFYR"},{"label":"Jahir Khan - (PY0ICCOL)","value":"PY0ICCOL"},{"label":"Ashif Islam - (P73FYR4H)","value":"P73FYR4H"},{"label":"Kamal Uddin - (PY6K4ZNF)","value":"PY6K4ZNF"},{"label":"Jahed Abduallah - (PIBQOWSP)","value":"PIBQOWSP"},{"label":"Jahed Abduallah - (PH11SH74)","value":"PH11SH74"},{"label":"Jahed Abduallah - (PJ447J2Z)","value":"PJ447J2Z"},{"label":"John Doe - (PXVA8KUS)","value":"PXVA8KUS"},{"label":"Jennifer Smith - (P3NMSGOR)","value":"P3NMSGOR"},{"label":"Ema W. - (PLCWTP8G)","value":"PLCWTP8G"},{"label":"Alex Goot - (PV53V0HJ)","value":"PV53V0HJ"},{"label":"Hello  World - (P3LFN0JJ)","value":"P3LFN0JJ"},{"label":"HM ISHAK - (PHGWD0W0)","value":"PHGWD0W0"},{"label":"Test Test - (P9XA38LW)","value":"P9XA38LW"},{"label":"Nikhil  - (K85NC2IUOMDCBF7)","value":"K85NC2IUOMDCBF7"},{"label":"Ravi Bhise - (P7XC0E60)","value":"P7XC0E60"},{"label":"Sandeep Khot - (PFA67D0F)","value":"PFA67D0F"},{"label":"Priyank  - (PSYEKF2L)","value":"PSYEKF2L"},{"label":"Amit Bhise - (POIFGGU9)","value":"POIFGGU9"},{"label":"Hrushikesh Bhise - (PL682ARE)","value":"PL682ARE"},{"label":"Santosh  Jajot - (POUJDY44)","value":"POUJDY44"},{"label":"Rohit Ranjane - (PV451DJA)","value":"PV451DJA"},{"label":"Rohit Ranjane - (P19U90XV)","value":"P19U90XV"}]